# Every paper claim that must be backed by running, tested reference code.
# "Done to completion as code" = each row's test passes, impl exists, and the
# claim appears in its paper tagged shipped/reference (\impl{} or \ref{}) — never \prop{}.
# columns: primitive_id <TAB> paper_file <TAB> claim_substring <TAB> impl_path <TAB> test_module
content-cache	paper/internal-apis.tex	content-addressed cache	paper/reference/ledger/cache.py	test_ledger.py
signed-ledger	paper/internal-apis.tex	hash-chained	paper/reference/ledger/ledger.py	test_ledger.py
signed-descent	paper/internal-apis.tex	signed descent through every layer	paper/reference/layers/descent.py	test_descent.py
zk-binding	paper/internal-apis.tex	bound to the wallet without revealing	paper/reference/zk/binding.py	test_zk_binding.py
sealed-cache	paper/internal-apis.tex	sealed-unless-revealed	paper/reference/ledger/sealed_cache.py	test_sealed_cache.py
signed-gate	paper/internal-apis.tex	no unsigned action crosses	paper/reference/layers/gate.py	test_gate.py
merkle-checkpoint	paper/internal-apis.tex	Merkle-root checkpoint	paper/reference/ledger/checkpoint.py	test_checkpoint.py
